cluster,total_cells,leukemia_cells,leukemia_percentage,dominant_sample_type,abnormality_score
0,9088,9088,100.0,HHD,1.0
1,7739,7739,100.0,ETV6-RUNX1,1.0
3,7030,7030,100.0,ETV6-RUNX1,1.0
4,7021,7021,100.0,HHD,1.0
7,6178,6178,100.0,ETV6-RUNX1,1.0
5,6589,6588,99.98482319016543,PRE-T,0.9998482319016543
6,6473,6470,99.9536536381894,ETV6-RUNX1,0.999536536381894
2,7521,7515,99.92022337455126,PRE-T,0.9992022337455125
